Date,Name,Year,Letterboxd URI,Rating
2026-05-05,Star Wars,1977,https://boxd.it/72s,5
2026-05-05,The Empire Strikes Back,1980,https://boxd.it/27Vw,5
2026-05-05,Star Wars: Episode III – Revenge of the Sith,2005,https://boxd.it/27US,5
2026-05-05,Juno,2007,https://boxd.it/210a,3
2026-05-05,Below Her Mouth,2016,https://boxd.it/cQVQ,1
2026-05-05,Harry Potter and the Deathly Hallows: Part 2,2011,https://boxd.it/1RYk,3
2026-05-05,Alien,1979,https://boxd.it/2awY,3.5
2026-05-05,Hokum,2026,https://boxd.it/SUeq,2.5
2026-05-05,Night at the Museum,2006,https://boxd.it/28wi,0.5
2026-05-05,Star Wars: The Force Awakens,2015,https://boxd.it/4vru,3
2026-05-05,Rogue One: A Star Wars Story,2016,https://boxd.it/aPvy,3
2026-05-05,Return of the Jedi,1983,https://boxd.it/27Vm,5
2026-05-05,Star Wars: Episode I – The Phantom Menace,1999,https://boxd.it/27Vc,3
2026-05-05,Star Wars: Episode II – Attack of the Clones,2002,https://boxd.it/27V2,3
2026-05-05,Harakiri,1962,https://boxd.it/1NTU,4
2026-05-05,The Human Condition III: A Soldier's Prayer,1961,https://boxd.it/1dIQ,4.5
2026-05-05,Come and See,1985,https://boxd.it/1w9q,5
2026-05-05,Seven Samurai,1954,https://boxd.it/2axi,4
2026-05-05,City of God,2002,https://boxd.it/2a2a,3.5
2026-05-05,The Godfather Part II,1974,https://boxd.it/2aNq,4.5
2026-05-05,The Godfather,1972,https://boxd.it/2aNK,4
2026-05-05,The Shawshank Redemption,1994,https://boxd.it/2aHi,3
2026-05-05,Paris Is Burning,1990,https://boxd.it/1jzg,3.5
2026-05-05,Yi Yi,2000,https://boxd.it/1vCw,4.5
2026-05-05,Parasite,2019,https://boxd.it/hTha,3.5
2026-05-05,Michael,2026,https://boxd.it/zi5M,3
2026-05-05,The Devil Wears Prada,2006,https://boxd.it/2awE,4
2026-05-05,Project Hail Mary,2026,https://boxd.it/pEeQ,3.5
2026-05-05,In the Mood for Love,2000,https://boxd.it/29tE,5
2026-05-05,Fallen Angels,1995,https://boxd.it/1UkW,5
