Date,Name,Year,Letterboxd URI
2026-05-05,Star Wars: The Last Jedi,2017,https://boxd.it/5xme
2026-05-05,Solo: A Star Wars Story,2018,https://boxd.it/bGWs
2026-05-05,Star Wars: The Rise of Skywalker,2019,https://boxd.it/5xlK
2026-05-05,High and Low,1963,https://boxd.it/1RSc
2026-05-05,The Devil Wears Prada 2,2026,https://boxd.it/Oags
2026-05-05,Ran,1985,https://boxd.it/1Tlu
2026-05-05,Ikiru,1952,https://boxd.it/251c
2026-05-05,The Hidden Fortress,1958,https://boxd.it/295M
2026-05-05,Red Beard,1965,https://boxd.it/251m
2026-05-05,Madadayo,1993,https://boxd.it/1Pcy
2026-05-05,The Green Mile,1999,https://boxd.it/2agG
2026-05-05,Who's the Top?,2005,https://boxd.it/ihYs
2026-05-05,Earth Camp One,,https://boxd.it/r5T4
2026-05-05,Mickey 17,2025,https://boxd.it/q1Dk
2026-05-05,Memories of Murder,2003,https://boxd.it/1TSo
2026-05-05,Okja,2017,https://boxd.it/dvXe
2026-05-05,Barking Dogs Never Bite,2000,https://boxd.it/1BLa
2026-05-05,The Seventh Seal,1957,https://boxd.it/2ahO
2026-05-05,Autumn Sonata,1978,https://boxd.it/1Rio
2026-05-05,Wild Strawberries,1957,https://boxd.it/29ZU
2026-05-05,Hour of the Wolf,1968,https://boxd.it/1H9G
2026-05-05,Chungking Express,1994,https://boxd.it/1UDa
2026-05-05,Happy Together,1997,https://boxd.it/1Ha0
2026-05-05,My Blueberry Nights,2007,https://boxd.it/27H0
